"我是老爸,我不要當爸!",https://www.youtube.com/channel/UC6ZHLoydvIPevb_A5M88L4A
Julia 咪妃,https://www.youtube.com/channel/UCqripRcC8scod22F5NKvLcQ
阿晋,https://www.youtube.com/channel/UCa7KELKe1u9mQ5jWMdIB-HQ
黃大謙,https://www.youtube.com/channel/UCgDQKFV2rMNzTE8Y3rHMVbQ
愛莉莎莎 Alisasa,https://www.youtube.com/channel/UCAKJ0tmI_RMXqTgxL_OMfIg
上班不要看 NSFW,https://www.youtube.com/channel/UCj_z-Zeqk8LfwVxx0MUdL-Q
【雙聲類】小光,https://www.youtube.com/channel/UCjaV0KhRFhnceJ2e_fDDPew
館長惡名昭彰,https://www.youtube.com/channel/UCi2GvcaxZCN-61a0co8Smnw
嘎嫂二伯&蔡波能's Daily,https://www.youtube.com/channel/UCNT8D7CM00RLnhHDmMtpSOA
蔡桃貴,https://www.youtube.com/channel/UCtSSBoYwD-yEkhvNdH0Zy3w
抱歉了 培根,https://www.youtube.com/channel/UCqWf9XDNyh7ePbM25QfsnOQ
我是蕾菈I'm Lyla,https://www.youtube.com/channel/UCbcFvHTFnj2cUiJXY6yUW9A
酷炫老師,https://www.youtube.com/channel/UCQnLSZsCBduM7bhwIfyeHZg
一隻阿圓 I am CIRCLE,https://www.youtube.com/channel/UCRm_PQqRwiwA7g8bqCoPH9A
古娃娃WawaKu,https://www.youtube.com/channel/UCVw4CvsOUuVJpFyW_VPnIBQ
孫生又來了,https://www.youtube.com/channel/UCpK3cV8Anly7B9_BmbikPuw
羽毛,https://www.youtube.com/channel/UCZn_4OK5Y8FfxajCaX4AZ_Q
黑羽,https://www.youtube.com/channel/UCUy-lBPiJYWXTvfYHiCb_-A
展榮展瑞 K.R Bros,https://www.youtube.com/channel/UCeB5UXWltaHtGoxkwGXLzpg
尼克&ASHLY,https://www.youtube.com/channel/UCRrImi1CRog9dttI2nM8nPg
鄭茵聲Alina,https://www.youtube.com/channel/UCJM_OTvzTrkZbYEq4GKVuOQ
林辰Buchi,https://www.youtube.com/channel/UCgHUl1pwUVfrX8QotB-t2gQ
胡子Huzi,https://www.youtube.com/channel/UC9YOQFPfEUXbulKDtxeqqBA
含羞草,https://www.youtube.com/channel/UCCrwpId4G9sRQjLHaUv90YA
Aries艾瑞絲,https://www.youtube.com/channel/UC3rrCl8CcCFDCI9Ti2rHsnw
呱吉,https://www.youtube.com/channel/UC_XRq7JriAORvDe1lI1RAsA
RJ廉傑克曼,https://www.youtube.com/channel/UCBfjVXtkFr7lNFlVp93SeQg
蔡哥,https://www.youtube.com/channel/UCCSZ1P-Gas8IIgzXAwV0YFA
雪兔,https://www.youtube.com/channel/UCPc04yosaJUFwu7zfpms4ag
鬼鬼,https://www.youtube.com/channel/UC7SHHIlKiJs_-ORerKPL1kA
TommyTommy Japan,https://www.youtube.com/channel/UCJ6rlGjE5pO0SqMOfxBUrhQ
壹加壹,https://www.youtube.com/channel/UCmArFxfDybtCbo0Fa0Z2xxA
梅伯,https://www.youtube.com/channel/UCclEnpUoaP35pnvWvYmnODA
泥泥汝,https://www.youtube.com/channel/UCTOA5N3AbUAVSWrSjlK5A2g
巧克力,https://www.youtube.com/channel/UCgL6J6oL8F69vm-GcPScmwg
解婕翎,https://www.youtube.com/channel/UCMy0L5Y-h0-s8t4XZs49gXw
本本,https://www.youtube.com/channel/UCiiS3Rp6cLZs4qmM3lb8H2A
仙女閃閃,https://www.youtube.com/channel/UCTBGYuRybj2SqG2Mqd52Rzg
八婆 BESTIES,https://www.youtube.com/channel/UC2YzkP3mTlfcQ-MNO5cVatA
泱泱LYNN,https://www.youtube.com/channel/UCiewBSUlxrhoyn6oTNt0ilw
小廢物語謙,https://www.youtube.com/channel/UCvLFHI0hvfT3OplpN1LlYZQ
老高與小茉 Mr & Mrs Gao,https://www.youtube.com/channel/UCMUnInmOkrWN4gof9KlhNmQ
球球Mika,https://www.youtube.com/channel/UCtTg9DVdsK6ECR8qLt7qbJA
彼得爸與蘇珊媽,https://www.youtube.com/channel/UCwxjIrUCgWmOKN1oDqiL_lA
許凱皓,https://www.youtube.com/channel/UCASyx3HfuTLsuFoxXj_qexw
黑仔熊,https://www.youtube.com/channel/UCO3r3FllELijijdytnR43NA
星培,https://www.youtube.com/channel/UCRevYqA7N-NrSCGSm5k-KlA
盛夏微涼 Ryo.,https://www.youtube.com/channel/UC99AIUi4psZ98Khq_qU5Hpw
謙桑,https://www.youtube.com/channel/UC3-I23qIQk-2rwi7cnntIJA
喬瑟夫 ChillSeph,https://www.youtube.com/channel/UCBY6NwU6OpYQiPYR1urdF0g
鐵牛婷婷IronbullTingTing,https://www.youtube.com/channel/UCWOZ2ZbfSI3OWhVp7LysEZw
頑GAME,https://www.youtube.com/channel/UCizhMTp9vKkpdcbqVLdDmdA
SKimmy's Journey,https://www.youtube.com/channel/UCPQHNRYnByAjrvNrp4jTnug
Dinter,https://www.youtube.com/channel/UC0SkNQXPJ60hKEFubOz0fDA
唐綺陽官方專屬頻道,https://www.youtube.com/channel/UCK7LdglLCApOTaylxX8hW2Q
